Timestamp,  👤 Name,"How much stress do you usually experience during exams?
1 — Completely relaxed 😌
10 — Extremely stressed 😰",  What causes you the most exam stress?  ,  When do you usually feel the most stressed?  ,"On average, how many hours do you study per day during exam preparation?",  How many hours do you usually sleep during exam preparation? 😴  ,  Do you take regular breaks while studying?  ,"  How difficult is it for you to plan and complete your syllabus on time?  
1 — Very easy ✅
5 — Extremely difficult 😵","  Would you use an AI study assistant if it could help you plan, revise, and manage exam stress?  ",  What kind of support would help you the most during exams?  ,  What is one thing that would make your exam preparation less stressful?  
8/13/2026 14:38:09,Aryan ,7,👥 Comparison with classmates,📝 During the exam,4–6 hours,4–6 hours,🔴 Rarely,3,🤔 Maybe,"🔄 Revision reminders, 😌 Stress-management techniques, 🎯 Help prioritizing important topics",Aryan 
8/13/2026 14:42:47,Arun Khalkar ,8,"⏰ Not enough time, 📅 Poor planning/procrastination, 😴 Lack of sleep",🤷‍♂️ Throughout the entire exam period,2–4 hours,4–6 hours,🟡 Sometimes,3,🤔 Maybe,"📅 Personalized study timetable, 🧠 AI-powered explanations of difficult topics, 📝 Automatic quizzes & practice questions, 🔄 Revision reminders",Tuzi Schezwan chutney karto aata thamb
8/13/2026 14:44:25,Hitenrao Perkare ,7,"📚 Too much syllabus, ⏰ Not enough time, 📅 Poor planning/procrastination, 👥 Comparison with classmates, 😴 Lack of sleep",😟 Weeks before exams,2–4 hours,4–6 hours,🟡 Sometimes,3,🤔 Maybe,"🧠 AI-powered explanations of difficult topics, 📝 Automatic quizzes & practice questions, 📊 Progress tracking, 🎯 Help prioritizing important topics, 💬 Motivation & accountability",Getting the tricky questions before exam
8/13/2026 14:44:43,Pranav Borude ,8,"📚 Too much syllabus, ⏰ Not enough time, 📝 Fear of poor marks, 📅 Poor planning/procrastination","😟 Weeks before exams, 📝 During the exam, 📊 When results are announced",4–6 hours,Less than 4 hours,"🟢 Yes, regularly",4,👍 Probably,"🧠 AI-powered explanations of difficult topics, 📊 Progress tracking, 😌 Stress-management techniques","Concentration, Meditation "
8/13/2026 14:47:28,Arnav Potdar,4,"📚 Too much syllabus, ⏰ Not enough time, 📝 Fear of poor marks, 🧠 Difficulty remembering what I studied, 📅 Poor planning/procrastination, 😴 Lack of sleep, 💭 Other","🌙 The night before an exam, 📝 During the exam, 🤷‍♂️ Throughout the entire exam period",6–8 hours,4–6 hours,"🟢 Yes, regularly",5,🤩 Definitely,"🧠 AI-powered explanations of difficult topics, 📝 Automatic quizzes & practice questions, 📊 Progress tracking, 🎯 Help prioritizing important topics, 👨‍🏫 Access to teachers/mentors, 💬 Motivation & accountability",Early realisation of exam aarahi hai padhna shuru karo
8/13/2026 14:47:39,Vedant Deore,7,"📚 Too much syllabus, ⏰ Not enough time, 📝 Fear of poor marks, 🧠 Difficulty remembering what I studied, 👥 Comparison with classmates, 😴 Lack of sleep","📖 While studying, 📝 During the exam, 📊 When results are announced, 🤷‍♂️ Throughout the entire exam period",4–6 hours,4–6 hours,"🟢 Yes, regularly",3,🤩 Definitely,"📅 Personalized study timetable, 🧠 AI-powered explanations of difficult topics, 📝 Automatic quizzes & practice questions, 🔄 Revision reminders, 📊 Progress tracking, 😌 Stress-management techniques, 😴 Sleep & break reminders, 🎯 Help prioritizing important topics, 💬 Motivation & accountability",Nothing
8/13/2026 14:57:54,Krishna Kulkarni,6,"⏰ Not enough time, 📝 Fear of poor marks, 📅 Poor planning/procrastination","🌙 The night before an exam, 📊 When results are announced",2–4 hours,6–8 hours,🟡 Sometimes,3,🤩 Definitely,"🧠 AI-powered explanations of difficult topics, 📝 Automatic quizzes & practice questions, 🎯 Help prioritizing important topics",Not procastinating.
8/13/2026 15:04:26,Malhar Mahajan ,3,"📅 Poor planning/procrastination, 💭 Other",😟 Weeks before exams,1–2 hours,4–6 hours,"🟢 Yes, regularly",3,🤩 Definitely,"🧠 AI-powered explanations of difficult topics, 🎯 Help prioritizing important topics, 💬 Motivation & accountability",Cancel exams
8/13/2026 15:04:57,Suyash,10,"📚 Too much syllabus, ⏰ Not enough time, 📝 Fear of poor marks, 🧠 Difficulty remembering what I studied, 📅 Poor planning/procrastination, 😴 Lack of sleep, 💭 Other","😟 Weeks before exams, 📖 While studying, 🌙 The night before an exam, 📝 During the exam, 📊 When results are announced, 🤷‍♂️ Throughout the entire exam period",2–4 hours,6–8 hours,🟡 Sometimes,5,❌ No,😌 Stress-management techniques,Nothing
8/13/2026 15:07:53,Abhinav Kulkarni ,8,🧠 Difficulty remembering what I studied,🌙 The night before an exam,6–8 hours,6–8 hours,"🟢 Yes, regularly",4,👍 Probably,🔄 Revision reminders,Complete syllabus and revision 
8/13/2026 15:13:15,Vikrant Garje,7,"⏰ Not enough time, 🧠 Difficulty remembering what I studied",🌙 The night before an exam,6–8 hours,4–6 hours,"🟢 Yes, regularly",5,🤩 Definitely,"📅 Personalized study timetable, 🧠 AI-powered explanations of difficult topics, 📝 Automatic quizzes & practice questions, 🔄 Revision reminders",👽
8/13/2026 15:14:20,Om Shrungare ,2,"📝 Fear of poor marks, 🧠 Difficulty remembering what I studied","📖 While studying, 📊 When results are announced",Less than 1 hour,4–6 hours,"🟢 Yes, regularly",3,🤩 Definitely,"🧠 AI-powered explanations of difficult topics, 📝 Automatic quizzes & practice questions, 📊 Progress tracking, 😴 Sleep & break reminders",Ai. Use it whenever needed.
8/13/2026 15:19:39,Bhargavi Keche ,10,"📚 Too much syllabus, ⏰ Not enough time, 📅 Poor planning/procrastination, 👨‍👩‍👧 Pressure from parents/family",🤷‍♂️ Throughout the entire exam period,6–8 hours,Less than 4 hours,🔴 Rarely,1,🤩 Definitely,"📅 Personalized study timetable, 🧠 AI-powered explanations of difficult topics, 📝 Automatic quizzes & practice questions",Call with friends 
8/13/2026 15:27:31,Sanket Satyavan Mane,5,"📝 Fear of poor marks, 📅 Poor planning/procrastination","🌙 The night before an exam, 📝 During the exam, 📊 When results are announced",2–4 hours,More than 8 hours,"🟢 Yes, regularly",3,🤩 Definitely,"📅 Personalized study timetable, 🧠 AI-powered explanations of difficult topics, 📝 Automatic quizzes & practice questions, 🔄 Revision reminders, 📊 Progress tracking, 😌 Stress-management techniques, 😴 Sleep & break reminders, 🎯 Help prioritizing important topics, 👨‍🏫 Access to teachers/mentors, 💬 Motivation & accountability",Time management 
8/13/2026 15:52:53,Sawri Butala ,6,⏰ Not enough time,📝 During the exam,4–6 hours,4–6 hours,🟡 Sometimes,2,🤔 Maybe,🧠 AI-powered explanations of difficult topics,Studying on daily basis
8/13/2026 16:03:41,Mahesh Shirame,1,💭 Other,🌙 The night before an exam,More than 8 hours,Less than 4 hours,"🟢 Yes, regularly",1,🤩 Definitely,😴 Sleep & break reminders,Chilling with friends
8/13/2026 16:08:29,Tanvi,5,⏰ Not enough time,🌙 The night before an exam,6–8 hours,4–6 hours,🟡 Sometimes,3,🤩 Definitely,😴 Sleep & break reminders,Help in important topics
8/13/2026 16:26:33,Onkar Jamare,8,"⏰ Not enough time, 📅 Poor planning/procrastination, 👥 Comparison with classmates, 💭 Other","🌙 The night before an exam, 📊 When results are announced, 🤷‍♂️ Throughout the entire exam period",4–6 hours,4–6 hours,🟡 Sometimes,3,🤩 Definitely,🧠 AI-powered explanations of difficult topics,Study
8/13/2026 18:03:23,Prithviraj Wagh,8,"🧠 Difficulty remembering what I studied, 📅 Poor planning/procrastination",🤷‍♂️ Throughout the entire exam period,Less than 1 hour,4–6 hours,"🟢 Yes, regularly",2,👍 Probably,"🧠 AI-powered explanations of difficult topics, 📝 Automatic quizzes & practice questions",Study from beginning 
8/13/2026 18:12:02,Divyanka Yashwant Jadhav,8,"📚 Too much syllabus, ⏰ Not enough time, 📅 Poor planning/procrastination, 👥 Comparison with classmates, 😴 Lack of sleep",😟 Weeks before exams,6–8 hours,4–6 hours,🟡 Sometimes,4,🤩 Definitely,"🧠 AI-powered explanations of difficult topics, 📝 Automatic quizzes & practice questions, 🔄 Revision reminders, 😌 Stress-management techniques, 😴 Sleep & break reminders, 🎯 Help prioritizing important topics","If all the syllabus is managed properly, I think it will reduce a lot of stress , as for exams we have multiple subjects so it often happens we actually don't get it what and which topics to study first , so I think if all the syllabus of all subjects are managed properly most stress will get reduced."
8/13/2026 18:58:58,Diganth Hegade ,4,"⏰ Not enough time, 😴 Lack of sleep",📊 When results are announced,2–4 hours,6–8 hours,"🟢 Yes, regularly",3,🤩 Definitely,📝 Automatic quizzes & practice questions,AI
8/13/2026 19:42:43,Tamboli adiba sajid ,8,🧠 Difficulty remembering what I studied,😟 Weeks before exams,2–4 hours,6–8 hours,🟡 Sometimes,3,👍 Probably,🧠 AI-powered explanations of difficult topics,Studying earlier as possible 
8/13/2026 21:21:24,Shravani Sunil Kondhalkar ,10,"📚 Too much syllabus, ⏰ Not enough time, 💭 Other",📝 During the exam,2–4 hours,6–8 hours,"🟢 Yes, regularly",4,🤔 Maybe,📅 Personalized study timetable,Having a clear study schedule and enough time to revise without last-minute pressure.”
8/13/2026 22:51:08,Prathamesh Vijay Khule ,8,"📚 Too much syllabus, ⏰ Not enough time",📊 When results are announced,4–6 hours,6–8 hours,"🟢 Yes, regularly",2,🤩 Definitely,"😴 Sleep & break reminders, 🎯 Help prioritizing important topics",No Class before oneday of the exam 
8/13/2026 22:52:51,Prayag suresh kasar,10,"📚 Too much syllabus, 📝 Fear of poor marks, 🧠 Difficulty remembering what I studied",🌙 The night before an exam,6–8 hours,4–6 hours,"🟢 Yes, regularly",5,🤩 Definitely,"📅 Personalized study timetable, 🧠 AI-powered explanations of difficult topics, 📝 Automatic quizzes & practice questions",Have some practice questions similar to what will come in the test
8/13/2026 22:52:58,Adiii,7,"📚 Too much syllabus, ⏰ Not enough time, 📝 Fear of poor marks, 📅 Poor planning/procrastination","😟 Weeks before exams, 🌙 The night before an exam",Less than 1 hour,Less than 4 hours,"🟢 Yes, regularly",4,🤔 Maybe,"📝 Automatic quizzes & practice questions, 📊 Progress tracking, 😴 Sleep & break reminders",Study refura
8/13/2026 22:59:13,Aashutosh Masne,7,"⏰ Not enough time, 🧠 Difficulty remembering what I studied, 😴 Lack of sleep","📖 While studying, 📝 During the exam",4–6 hours,4–6 hours,🟡 Sometimes,3,👍 Probably,"📅 Personalized study timetable, 🧠 AI-powered explanations of difficult topics, 🎯 Help prioritizing important topics, 👨‍🏫 Access to teachers/mentors",Na
8/13/2026 23:03:21,Vedant Hire ,10,"📚 Too much syllabus, ⏰ Not enough time, 📝 Fear of poor marks, 🧠 Difficulty remembering what I studied, 📅 Poor planning/procrastination, 👨‍👩‍👧 Pressure from parents/family, 👥 Comparison with classmates, 😴 Lack of sleep, 💭 Other","😟 Weeks before exams, 📖 While studying, 🌙 The night before an exam, 📝 During the exam, 📊 When results are announced, 🤷‍♂️ Throughout the entire exam period",Less than 1 hour,More than 8 hours,"🟢 Yes, regularly",5,❌ No,"📅 Personalized study timetable, 🧠 AI-powered explanations of difficult topics, 📝 Automatic quizzes & practice questions, 🔄 Revision reminders, 📊 Progress tracking, 😌 Stress-management techniques, 😴 Sleep & break reminders, 🎯 Help prioritizing important topics, 👨‍🏫 Access to teachers/mentors, 💬 Motivation & accountability",Money 
8/13/2026 23:15:57,Dhairysheel Patil ,5,⏰ Not enough time,📝 During the exam,4–6 hours,More than 8 hours,"🟢 Yes, regularly",2,🤩 Definitely,"📅 Personalized study timetable, 🧠 AI-powered explanations of difficult topics, 🎯 Help prioritizing important topics",Friends 
8/13/2026 23:25:32,Kunal  Ajay Bawaskar ,8,"📚 Too much syllabus, ⏰ Not enough time, 📝 Fear of poor marks, 🧠 Difficulty remembering what I studied","😟 Weeks before exams, 📖 While studying, 🌙 The night before an exam, 📝 During the exam",1–2 hours,4–6 hours,🟡 Sometimes,4,🤩 Definitely,"📅 Personalized study timetable, 🧠 AI-powered explanations of difficult topics, 📝 Automatic quizzes & practice questions, 🔄 Revision reminders, 📊 Progress tracking",Earlier study
8/13/2026 23:29:26,Tanay Daware,5,"📝 Fear of poor marks, 🧠 Difficulty remembering what I studied, 💭 Other","🌙 The night before an exam, 📝 During the exam",2–4 hours,6–8 hours,🟡 Sometimes,2,🤩 Definitely,"🔄 Revision reminders, 😴 Sleep & break reminders",Happiness in life
8/13/2026 23:29:30,Chaitanya Kulkarni,3,"📅 Poor planning/procrastination, 😴 Lack of sleep",📖 While studying,2–4 hours,6–8 hours,"🟢 Yes, regularly",1,🤔 Maybe,"🔄 Revision reminders, 😴 Sleep & break reminders, 🎯 Help prioritizing important topics, 💬 Motivation & accountability","studying for the exam, regular breaks and enough sleep before the day of exam."
8/13/2026 23:39:29,Aditya Vanji Kuwar,4,⏰ Not enough time,📊 When results are announced,2–4 hours,6–8 hours,"🟢 Yes, regularly",3,🤔 Maybe,📅 Personalized study timetable,Nothing 
8/14/2026 0:01:11,Siddhant Ulekar ,6,"📚 Too much syllabus, ⏰ Not enough time, 🧠 Difficulty remembering what I studied, 📅 Poor planning/procrastination","📖 While studying, 🌙 The night before an exam",4–6 hours,More than 8 hours,"🟢 Yes, regularly",2,🤩 Definitely,"🧠 AI-powered explanations of difficult topics, 📝 Automatic quizzes & practice questions, 😴 Sleep & break reminders",Meditation 
8/14/2026 9:18:30,Swayam Vibhute ,2,⏰ Not enough time,📊 When results are announced,1–2 hours,6–8 hours,"🟢 Yes, regularly",3,🤩 Definitely,"🧠 AI-powered explanations of difficult topics, 📝 Automatic quizzes & practice questions, 🔄 Revision reminders, 📊 Progress tracking, 😌 Stress-management techniques, 😴 Sleep & break reminders",-
8/14/2026 9:59:11,Yashvi ,9,"📚 Too much syllabus, ⏰ Not enough time, 📝 Fear of poor marks, 🧠 Difficulty remembering what I studied, 📅 Poor planning/procrastination, 👨‍👩‍👧 Pressure from parents/family, 👥 Comparison with classmates",🌙 The night before an exam,4–6 hours,4–6 hours,"🟢 Yes, regularly",4,🤔 Maybe,"🧠 AI-powered explanations of difficult topics, 📝 Automatic quizzes & practice questions, 🎯 Help prioritizing important topics, 👨‍🏫 Access to teachers/mentors","Proper planning nd execution..
Better guidance on what topics to focus on.."
8/14/2026 11:34:31,Dnyaneshwari Barbate ,8,"📝 Fear of poor marks, 📅 Poor planning/procrastination, 👥 Comparison with classmates","🌙 The night before an exam, 📝 During the exam, 📊 When results are announced",2–4 hours,4–6 hours,"🟢 Yes, regularly",3,👍 Probably,"🧠 AI-powered explanations of difficult topics, 🎯 Help prioritizing important topics","Studying on time and not the day before exam
"
8/14/2026 13:56:51,Rishabh Nilesh Jain ,1,💭 Other,😟 Weeks before exams,1–2 hours,More than 8 hours,"🟢 Yes, regularly",4,🤩 Definitely,🧠 AI-powered explanations of difficult topics,. 
8/14/2026 13:57:02,Prem Thakur ,6,"📚 Too much syllabus, ⏰ Not enough time, 🧠 Difficulty remembering what I studied, 📅 Poor planning/procrastination, 👨‍👩‍👧 Pressure from parents/family, 😴 Lack of sleep","😟 Weeks before exams, 📖 While studying",1–2 hours,6–8 hours,"🟢 Yes, regularly",3,👍 Probably,"😌 Stress-management techniques, 🎯 Help prioritizing important topics",.
8/14/2026 14:03:10,Rohan Nerkar ,7,"📚 Too much syllabus, ⏰ Not enough time, 📝 Fear of poor marks, 🧠 Difficulty remembering what I studied, 📅 Poor planning/procrastination, 👨‍👩‍👧 Pressure from parents/family, 👥 Comparison with classmates, 😴 Lack of sleep","😟 Weeks before exams, 📖 While studying, 🌙 The night before an exam, 📝 During the exam, 📊 When results are announced, 🤷‍♂️ Throughout the entire exam period",Less than 1 hour,More than 8 hours,"🟢 Yes, regularly",5,🤔 Maybe,"📅 Personalized study timetable, 🧠 AI-powered explanations of difficult topics, 📝 Automatic quizzes & practice questions, 🔄 Revision reminders, 📊 Progress tracking, 😌 Stress-management techniques, 😴 Sleep & break reminders, 🎯 Help prioritizing important topics, 👨‍🏫 Access to teachers/mentors, 💬 Motivation & accountability",Cancel Exam
8/14/2026 14:08:51,Aditya Pandagale ,4,📝 Fear of poor marks,📊 When results are announced,2–4 hours,4–6 hours,"🟢 Yes, regularly",2,🤩 Definitely,"🧠 AI-powered explanations of difficult topics, 📝 Automatic quizzes & practice questions",Remove the exams
8/14/2026 14:26:00,Abhishek Pawar ,10,💭 Other,🤷‍♂️ Throughout the entire exam period,More than 8 hours,4–6 hours,🟡 Sometimes,2,👎 Probably not,😌 Stress-management techniques,.
8/14/2026 14:29:33,Aditya Chougule ,3,💭 Other,😟 Weeks before exams,2–4 hours,4–6 hours,🟡 Sometimes,2,🤔 Maybe,"📝 Automatic quizzes & practice questions, 😴 Sleep & break reminders",NA
8/14/2026 15:59:51,Krishna ,1,💭 Other,📖 While studying,More than 8 hours,More than 8 hours,❌ Almost never,1,❌ No,😴 Sleep & break reminders,100000000000000000000000000000000000000 rupees in my account 
8/14/2026 16:39:18,Jeevan Sagale ,8,"📚 Too much syllabus, ⏰ Not enough time, 📝 Fear of poor marks, 👨‍👩‍👧 Pressure from parents/family, 👥 Comparison with classmates","🌙 The night before an exam, 📊 When results are announced",2–4 hours,Less than 4 hours,"🟢 Yes, regularly",3,🤩 Definitely,"🧠 AI-powered explanations of difficult topics, 📝 Automatic quizzes & practice questions, 📊 Progress tracking",Less syllabus 
8/14/2026 20:31:20,Siddharth ruge ,8,"📚 Too much syllabus, ⏰ Not enough time, 🧠 Difficulty remembering what I studied",🌙 The night before an exam,Less than 1 hour,Less than 4 hours,🔴 Rarely,3,👍 Probably,"📅 Personalized study timetable, 😴 Sleep & break reminders",Proper yt channel to learn on topics 
8/14/2026 21:01:02,Varad Yadav ,4,"📝 Fear of poor marks, 📅 Poor planning/procrastination, 💭 Other","📖 While studying, 🌙 The night before an exam",Less than 1 hour,6–8 hours,"🟢 Yes, regularly",4,🤩 Definitely,"📅 Personalized study timetable, 🧠 AI-powered explanations of difficult topics, 📝 Automatic quizzes & practice questions, 🔄 Revision reminders, 📊 Progress tracking, 😌 Stress-management techniques, 😴 Sleep & break reminders, 🎯 Help prioritizing important topics, 👨‍🏫 Access to teachers/mentors",Proper time management 
8/14/2026 21:04:38,Sai Bidla,5,💭 Other,📖 While studying,1–2 hours,6–8 hours,"🟢 Yes, regularly",3,🤩 Definitely,"📝 Automatic quizzes & practice questions, 😴 Sleep & break reminders, 🎯 Help prioritizing important topics, 💬 Motivation & accountability",More sleep
8/14/2026 21:49:15,Chaitanya Jadhav ,7,"📅 Poor planning/procrastination, 👥 Comparison with classmates, 💭 Other",📊 When results are announced,1–2 hours,More than 8 hours,"🟢 Yes, regularly",2,👎 Probably not,"😴 Sleep & break reminders, 💬 Motivation & accountability",Pre exam preparation 
8/14/2026 21:59:35,Sanika Prasad Pawar ,8,"📚 Too much syllabus, ⏰ Not enough time, 📝 Fear of poor marks, 🧠 Difficulty remembering what I studied, 😴 Lack of sleep",🤷‍♂️ Throughout the entire exam period,6–8 hours,4–6 hours,🟡 Sometimes,3,🤔 Maybe,"🧠 AI-powered explanations of difficult topics, 📝 Automatic quizzes & practice questions",Feeling confident on what I have studied 
8/15/2026 19:43:06,Shashank Vidyagar,10,📚 Too much syllabus,🤷‍♂️ Throughout the entire exam period,More than 8 hours,More than 8 hours,🟡 Sometimes,5,❌ No,📅 Personalized study timetable,Nothing 
8/15/2026 22:21:34,Aryan ,10,"📚 Too much syllabus, ⏰ Not enough time, 📝 Fear of poor marks, 🧠 Difficulty remembering what I studied, 📅 Poor planning/procrastination, 👨‍👩‍👧 Pressure from parents/family, 👥 Comparison with classmates, 😴 Lack of sleep, 💭 Other","😟 Weeks before exams, 📖 While studying, 🌙 The night before an exam, 📝 During the exam, 📊 When results are announced, 🤷‍♂️ Throughout the entire exam period",More than 8 hours,Less than 4 hours,❌ Almost never,1,❌ No,"📅 Personalized study timetable, 🧠 AI-powered explanations of difficult topics, 📝 Automatic quizzes & practice questions, 🔄 Revision reminders, 📊 Progress tracking, 😌 Stress-management techniques, 😴 Sleep & break reminders, 🎯 Help prioritizing important topics, 👨‍🏫 Access to teachers/mentors, 💬 Motivation & accountability",Nothing 
8/16/2026 0:33:36,Utkarsh Dixit ,10,"📚 Too much syllabus, ⏰ Not enough time, 📝 Fear of poor marks, 🧠 Difficulty remembering what I studied, 📅 Poor planning/procrastination, 👨‍👩‍👧 Pressure from parents/family, 👥 Comparison with classmates, 😴 Lack of sleep","😟 Weeks before exams, 📖 While studying, 🌙 The night before an exam, 📝 During the exam, 📊 When results are announced, 🤷‍♂️ Throughout the entire exam period",Less than 1 hour,More than 8 hours,"🟢 Yes, regularly",5,🤩 Definitely,"📅 Personalized study timetable, 🧠 AI-powered explanations of difficult topics, 📝 Automatic quizzes & practice questions, 🔄 Revision reminders, 📊 Progress tracking, 😌 Stress-management techniques, 😴 Sleep & break reminders, 🎯 Help prioritizing important topics, 👨‍🏫 Access to teachers/mentors, 💬 Motivation & accountability",Planning 
8/16/2026 15:23:44,Ayush Chitnis,1,💭 Other,😟 Weeks before exams,Less than 1 hour,More than 8 hours,"🟢 Yes, regularly",3,👍 Probably,😴 Sleep & break reminders,Proper planning